<?xml version="1.0" encoding="UTF-8"?>
<office:document-meta xmlns:grddl="http://www.w3.org/2003/g/data-view#" xmlns:meta="urn:oasis:names:tc:opendocument:xmlns:meta:1.0" xmlns:dc="http://purl.org/dc/elements/1.1/" xmlns:xlink="http://www.w3.org/1999/xlink" xmlns:ooo="http://openoffice.org/2004/office" xmlns:office="urn:oasis:names:tc:opendocument:xmlns:office:1.0" office:version="1.4"><office:meta><meta:initial-creator>User</meta:initial-creator><meta:editing-cycles>10</meta:editing-cycles><meta:creation-date>2025-11-11T09:49:00</meta:creation-date><dc:date>2025-12-16T17:27:36.621502014</dc:date><dc:language>ru-RU</dc:language><meta:editing-duration>PT8M</meta:editing-duration><meta:generator>LibreOffice/25.2.6.2$Linux_X86_64 LibreOffice_project/520$Build-2</meta:generator><meta:document-statistic meta:table-count="0" meta:image-count="0" meta:object-count="0" meta:page-count="5" meta:paragraph-count="34" meta:word-count="1007" meta:character-count="8347" meta:non-whitespace-character-count="7302"/><meta:user-defined meta:name="AppVersion">16.0000</meta:user-defined><meta:user-defined meta:name="Company">SPecialiST RePack</meta:user-defined><meta:user-defined meta:name="HyperlinksChanged" meta:value-type="boolean">false</meta:user-defined><meta:user-defined meta:name="LinksUpToDate" meta:value-type="boolean">false</meta:user-defined><meta:user-defined meta:name="ScaleCrop" meta:value-type="boolean">false</meta:user-defined><meta:user-defined meta:name="ShareDoc" meta:value-type="boolean">false</meta:user-defined><meta:template xlink:type="simple" xlink:actuate="onRequest" xlink:title="Normal" xlink:href=""/></office:meta></office:document-meta>