<?xml version="1.0" encoding="UTF-8"?>
<office:document-styles xmlns:css3t="http://www.w3.org/TR/css3-text/" xmlns:grddl="http://www.w3.org/2003/g/data-view#" xmlns:xhtml="http://www.w3.org/1999/xhtml" xmlns:dom="http://www.w3.org/2001/xml-events" xmlns:script="urn:oasis:names:tc:opendocument:xmlns:script:1.0" xmlns:form="urn:oasis:names:tc:opendocument:xmlns:form:1.0" xmlns:math="http://www.w3.org/1998/Math/MathML" xmlns:office="urn:oasis:names:tc:opendocument:xmlns:office:1.0" xmlns:ooo="http://openoffice.org/2004/office" xmlns:fo="urn:oasis:names:tc:opendocument:xmlns:xsl-fo-compatible:1.0" xmlns:ooow="http://openoffice.org/2004/writer" xmlns:xlink="http://www.w3.org/1999/xlink" xmlns:drawooo="http://openoffice.org/2010/draw" xmlns:oooc="http://openoffice.org/2004/calc" xmlns:dc="http://purl.org/dc/elements/1.1/" xmlns:calcext="urn:org:documentfoundation:names:experimental:calc:xmlns:calcext:1.0" xmlns:style="urn:oasis:names:tc:opendocument:xmlns:style:1.0" xmlns:text="urn:oasis:names:tc:opendocument:xmlns:text:1.0" xmlns:of="urn:oasis:names:tc:opendocument:xmlns:of:1.2" xmlns:tableooo="http://openoffice.org/2009/table" xmlns:draw="urn:oasis:names:tc:opendocument:xmlns:drawing:1.0" xmlns:dr3d="urn:oasis:names:tc:opendocument:xmlns:dr3d:1.0" xmlns:rpt="http://openoffice.org/2005/report" xmlns:svg="urn:oasis:names:tc:opendocument:xmlns:svg-compatible:1.0" xmlns:chart="urn:oasis:names:tc:opendocument:xmlns:chart:1.0" xmlns:officeooo="http://openoffice.org/2009/office" xmlns:table="urn:oasis:names:tc:opendocument:xmlns:table:1.0" xmlns:meta="urn:oasis:names:tc:opendocument:xmlns:meta:1.0" xmlns:loext="urn:org:documentfoundation:names:experimental:office:xmlns:loext:1.0" xmlns:number="urn:oasis:names:tc:opendocument:xmlns:datastyle:1.0" xmlns:field="urn:openoffice:names:experimental:ooo-ms-interop:xmlns:field:1.0" office:version="1.4"><office:font-face-decls><style:font-face style:name="Arial" svg:font-family="Arial" style:font-family-generic="swiss" style:font-pitch="variable"/><style:font-face style:name="Arial1" svg:font-family="Arial" style:font-family-generic="system" style:font-pitch="variable"/><style:font-face style:name="Calibri" svg:font-family="Calibri" style:font-family-generic="swiss" style:font-pitch="variable"/><style:font-face style:name="Calibri1" svg:font-family="Calibri" style:font-family-generic="system" style:font-pitch="variable"/><style:font-face style:name="Cambria" svg:font-family="Cambria" style:font-family-generic="roman" style:font-pitch="variable"/><style:font-face style:name="Courier New" svg:font-family="&apos;Courier New&apos;" style:font-family-generic="system" style:font-pitch="variable"/><style:font-face style:name="Georgia" svg:font-family="Georgia" style:font-family-generic="roman" style:font-pitch="variable"/><style:font-face style:name="Georgia1" svg:font-family="Georgia" style:font-family-generic="system" style:font-pitch="variable"/><style:font-face style:name="Liberation Sans" svg:font-family="&apos;Liberation Sans&apos;" style:font-family-generic="roman" style:font-pitch="variable"/><style:font-face style:name="Liberation Serif" svg:font-family="&apos;Liberation Serif&apos;" style:font-family-generic="roman" style:font-pitch="variable"/><style:font-face style:name="NSimSun" svg:font-family="NSimSun" style:font-family-generic="system" style:font-pitch="variable"/><style:font-face style:name="Noto Sans CJK SC" svg:font-family="&apos;Noto Sans CJK SC&apos;" style:font-family-generic="system" style:font-pitch="variable"/><style:font-face style:name="Noto Sans Devanagari" svg:font-family="&apos;Noto Sans Devanagari&apos;" style:font-family-generic="system" style:font-pitch="variable"/><style:font-face style:name="PT Astra Serif" svg:font-family="&apos;PT Astra Serif&apos;" style:font-family-generic="roman" style:font-pitch="variable"/><style:font-face style:name="PT Astra Serif1" svg:font-family="&apos;PT Astra Serif&apos;" style:font-family-generic="system" style:font-pitch="variable"/><style:font-face style:name="Source Han Sans CN Regular" svg:font-family="&apos;Source Han Sans CN Regular&apos;" style:font-family-generic="system" style:font-pitch="variable"/><style:font-face style:name="Tahoma" svg:font-family="Tahoma" style:font-family-generic="swiss" style:font-pitch="variable"/><style:font-face style:name="Tahoma1" svg:font-family="Tahoma" style:font-family-generic="system" style:font-pitch="variable"/><style:font-face style:name="Times New Roman" svg:font-family="&apos;Times New Roman&apos;" style:font-family-generic="roman" style:font-pitch="variable"/><style:font-face style:name="Times New Roman1" svg:font-family="&apos;Times New Roman&apos;" style:font-family-generic="system" style:font-pitch="variable"/></office:font-face-decls><office:styles><style:default-style style:family="graphic"><style:graphic-properties svg:stroke-color="#3465a4" draw:fill-color="#729fcf" fo:wrap-option="no-wrap" draw:shadow-offset-x="0.3cm" draw:shadow-offset-y="0.3cm" draw:start-line-spacing-horizontal="0.283cm" draw:start-line-spacing-vertical="0.283cm" draw:end-line-spacing-horizontal="0.283cm" draw:end-line-spacing-vertical="0.283cm" style:writing-mode="lr-tb" style:flow-with-text="false"/><style:paragraph-properties style:text-autospace="ideograph-alpha" style:line-break="strict" loext:tab-stop-distance="0cm" style:font-independent-line-spacing="false"><style:tab-stops/></style:paragraph-properties><style:text-properties style:use-window-font-color="true" loext:opacity="0%" style:font-name="Calibri" fo:font-size="11pt" fo:language="ru" fo:country="RU" style:letter-kerning="false" style:font-name-asian="Calibri1" style:font-size-asian="11pt" style:language-asian="zh" style:country-asian="CN" style:font-name-complex="Calibri1" style:font-size-complex="11pt" style:language-complex="hi" style:country-complex="IN"/></style:default-style><style:default-style style:family="paragraph"><style:paragraph-properties fo:hyphenation-ladder-count="no-limit" fo:hyphenation-keep="auto" loext:hyphenation-keep-type="column" style:text-autospace="ideograph-alpha" style:punctuation-wrap="hanging" style:line-break="strict" style:tab-stop-distance="1.27cm" style:writing-mode="lr-tb"/><style:text-properties style:use-window-font-color="true" loext:opacity="0%" style:font-name="Calibri" fo:font-size="11pt" fo:language="ru" fo:country="RU" style:letter-kerning="false" style:font-name-asian="Calibri1" style:font-size-asian="11pt" style:language-asian="zh" style:country-asian="CN" style:font-name-complex="Calibri1" style:font-size-complex="11pt" style:language-complex="hi" style:country-complex="IN" fo:hyphenate="false" fo:hyphenation-remain-char-count="2" fo:hyphenation-push-char-count="2" loext:hyphenation-no-caps="false" loext:hyphenation-no-last-word="false" loext:hyphenation-word-char-count="5" loext:hyphenation-zone="no-limit"/></style:default-style><style:default-style style:family="table"><style:table-properties table:border-model="collapsing"/></style:default-style><style:default-style style:family="table-row"><style:table-row-properties fo:keep-together="auto"/></style:default-style><style:style style:name="Standard" style:family="paragraph" style:class="text"><style:paragraph-properties fo:margin-top="0cm" fo:margin-bottom="0.353cm" style:contextual-spacing="false" fo:line-height="115%" fo:text-align="start" style:justify-single-word="false" fo:orphans="2" fo:widows="2" fo:hyphenation-ladder-count="no-limit" fo:hyphenation-keep="page" loext:hyphenation-keep-type="column" style:writing-mode="lr-tb"/><style:text-properties fo:hyphenate="false" fo:hyphenation-remain-char-count="2" fo:hyphenation-push-char-count="2" loext:hyphenation-no-caps="false" loext:hyphenation-no-last-word="false" loext:hyphenation-word-char-count="5" loext:hyphenation-zone="no-limit"/></style:style><style:style style:name="Heading" style:family="paragraph" style:parent-style-name="Standard" style:next-style-name="Text_20_body" style:class="chapter"><style:paragraph-properties fo:margin-top="0.423cm" fo:margin-bottom="0.212cm" style:contextual-spacing="false" fo:keep-with-next="always"/><style:text-properties style:font-name="Liberation Sans" fo:font-family="&apos;Liberation Sans&apos;" style:font-family-generic="roman" style:font-pitch="variable" fo:font-size="14pt" style:font-name-asian="Noto Sans CJK SC" style:font-family-asian="&apos;Noto Sans CJK SC&apos;" style:font-family-generic-asian="system" style:font-pitch-asian="variable" style:font-size-asian="14pt" style:font-name-complex="Noto Sans Devanagari" style:font-family-complex="&apos;Noto Sans Devanagari&apos;" style:font-family-generic-complex="system" style:font-pitch-complex="variable" style:font-size-complex="14pt"/></style:style><style:style style:name="Text_20_body" style:display-name="Text body" style:family="paragraph" style:class="text"><style:paragraph-properties fo:margin-right="7.609cm" fo:margin-top="0cm" fo:margin-bottom="0.353cm" style:contextual-spacing="false" fo:line-height="115%" fo:text-align="start" style:justify-single-word="false" fo:orphans="2" fo:widows="2" fo:hyphenation-ladder-count="no-limit" fo:hyphenation-keep="auto" loext:hyphenation-keep-type="column" style:writing-mode="lr-tb"/><style:text-properties style:font-name="Times New Roman" fo:font-family="&apos;Times New Roman&apos;" style:font-family-generic="roman" style:font-pitch="variable" fo:font-size="14pt" fo:font-weight="bold" style:font-name-asian="Times New Roman1" style:font-family-asian="&apos;Times New Roman&apos;" style:font-family-generic-asian="system" style:font-pitch-asian="variable" style:font-size-asian="14pt" style:font-weight-asian="bold" style:font-size-complex="12pt" fo:hyphenate="false" fo:hyphenation-remain-char-count="2" fo:hyphenation-push-char-count="2" loext:hyphenation-no-caps="false" loext:hyphenation-no-last-word="false" loext:hyphenation-word-char-count="5" loext:hyphenation-zone="no-limit"/></style:style><style:style style:name="List" style:family="paragraph" style:parent-style-name="Text_20_body" style:class="list"><style:text-properties style:font-name="PT Astra Serif" fo:font-family="&apos;PT Astra Serif&apos;" style:font-family-generic="roman" style:font-pitch="variable" style:font-name-complex="Noto Sans Devanagari" style:font-family-complex="&apos;Noto Sans Devanagari&apos;" style:font-family-generic-complex="system" style:font-pitch-complex="variable"/></style:style><style:style style:name="Caption" style:family="paragraph" style:parent-style-name="Standard" style:class="extra"><style:paragraph-properties fo:margin-top="0.212cm" fo:margin-bottom="0.212cm" style:contextual-spacing="false" text:number-lines="false" text:line-number="0"/><style:text-properties fo:font-size="12pt" fo:font-style="italic" style:font-size-asian="12pt" style:font-style-asian="italic" style:font-name-complex="Noto Sans Devanagari" style:font-family-complex="&apos;Noto Sans Devanagari&apos;" style:font-family-generic-complex="system" style:font-pitch-complex="variable" style:font-size-complex="12pt" style:font-style-complex="italic"/></style:style><style:style style:name="Index" style:family="paragraph" style:parent-style-name="Standard" style:class="index"><style:paragraph-properties text:number-lines="false" text:line-number="0"/><style:text-properties style:font-name-complex="Noto Sans Devanagari" style:font-family-complex="&apos;Noto Sans Devanagari&apos;" style:font-family-generic-complex="system" style:font-pitch-complex="variable"/></style:style><style:style style:name="Heading_20_1" style:display-name="Heading 1" style:family="paragraph" style:parent-style-name="normal1" style:next-style-name="normal1" style:default-outline-level="1" style:list-style-name="" style:class="chapter"><style:paragraph-properties fo:line-height="100%"/><style:text-properties style:font-name="Times New Roman" fo:font-family="&apos;Times New Roman&apos;" style:font-family-generic="roman" style:font-pitch="variable" fo:font-size="24pt" fo:font-weight="bold" style:font-name-asian="Times New Roman1" style:font-family-asian="&apos;Times New Roman&apos;" style:font-family-generic-asian="system" style:font-pitch-asian="variable" style:font-size-asian="24pt" style:font-weight-asian="bold" style:font-name-complex="Times New Roman1" style:font-family-complex="&apos;Times New Roman&apos;" style:font-family-generic-complex="system" style:font-pitch-complex="variable" style:font-size-complex="24pt" style:font-weight-complex="bold"/></style:style><style:style style:name="Heading_20_2" style:display-name="Heading 2" style:family="paragraph" style:parent-style-name="normal1" style:next-style-name="normal1" style:default-outline-level="2" style:list-style-name="" style:class="chapter"><style:paragraph-properties fo:margin-top="0.635cm" fo:margin-bottom="0.141cm" style:contextual-spacing="false" fo:line-height="100%" fo:keep-together="always" fo:keep-with-next="always"/><style:text-properties fo:font-size="18pt" fo:font-weight="bold" style:font-size-asian="18pt" style:font-weight-asian="bold" style:font-size-complex="18pt" style:font-weight-complex="bold"/></style:style><style:style style:name="Heading_20_3" style:display-name="Heading 3" style:family="paragraph" style:parent-style-name="normal1" style:next-style-name="normal1" style:default-outline-level="3" style:list-style-name="" style:class="chapter"><style:paragraph-properties fo:margin-top="0.494cm" fo:margin-bottom="0.141cm" style:contextual-spacing="false" fo:line-height="100%" fo:keep-together="always" fo:keep-with-next="always"/><style:text-properties fo:font-size="14pt" fo:font-weight="bold" style:font-size-asian="14pt" style:font-weight-asian="bold" style:font-size-complex="14pt" style:font-weight-complex="bold"/></style:style><style:style style:name="Heading_20_4" style:display-name="Heading 4" style:family="paragraph" style:parent-style-name="normal1" style:next-style-name="normal1" style:default-outline-level="4" style:list-style-name="" style:class="chapter"><style:paragraph-properties fo:margin-top="0.423cm" fo:margin-bottom="0.071cm" style:contextual-spacing="false" fo:line-height="100%" fo:keep-together="always" fo:keep-with-next="always"/><style:text-properties fo:font-size="12pt" fo:font-weight="bold" style:font-size-asian="12pt" style:font-weight-asian="bold" style:font-size-complex="12pt" style:font-weight-complex="bold"/></style:style><style:style style:name="Heading_20_5" style:display-name="Heading 5" style:family="paragraph" style:parent-style-name="normal1" style:next-style-name="normal1" style:default-outline-level="5" style:list-style-name="" style:class="chapter"><style:paragraph-properties fo:margin-top="0.388cm" fo:margin-bottom="0.071cm" style:contextual-spacing="false" fo:line-height="100%" fo:keep-together="always" fo:keep-with-next="always"/><style:text-properties fo:font-weight="bold" style:font-weight-asian="bold" style:font-weight-complex="bold"/></style:style><style:style style:name="Heading_20_6" style:display-name="Heading 6" style:family="paragraph" style:parent-style-name="normal1" style:next-style-name="normal1" style:default-outline-level="6" style:list-style-name="" style:class="chapter"><style:paragraph-properties fo:margin-top="0.353cm" fo:margin-bottom="0.071cm" style:contextual-spacing="false" fo:line-height="100%" fo:keep-together="always" fo:keep-with-next="always"/><style:text-properties fo:font-size="10pt" fo:font-weight="bold" style:font-size-asian="10pt" style:font-weight-asian="bold" style:font-size-complex="10pt" style:font-weight-complex="bold"/></style:style><style:style style:name="normal1" style:family="paragraph"><style:paragraph-properties fo:margin-top="0cm" fo:margin-bottom="0.353cm" style:contextual-spacing="false" fo:line-height="115%" fo:text-align="start" style:justify-single-word="false" fo:orphans="2" fo:widows="2" fo:hyphenation-ladder-count="no-limit" fo:hyphenation-keep="auto" loext:hyphenation-keep-type="column" style:writing-mode="lr-tb"/><style:text-properties fo:hyphenate="false" fo:hyphenation-remain-char-count="2" fo:hyphenation-push-char-count="2" loext:hyphenation-no-caps="false" loext:hyphenation-no-last-word="false" loext:hyphenation-word-char-count="5" loext:hyphenation-zone="no-limit"/></style:style><style:style style:name="Title" style:family="paragraph" style:parent-style-name="normal1" style:next-style-name="normal1" style:class="chapter"><style:paragraph-properties fo:margin-top="0.847cm" fo:margin-bottom="0.212cm" style:contextual-spacing="false" fo:line-height="100%" fo:keep-together="always" fo:keep-with-next="always"/><style:text-properties fo:font-size="36pt" fo:font-weight="bold" style:font-size-asian="36pt" style:font-weight-asian="bold" style:font-size-complex="36pt" style:font-weight-complex="bold"/></style:style><style:style style:name="Заголовок1" style:family="paragraph" style:next-style-name="Text_20_body"><style:paragraph-properties fo:margin-top="0.423cm" fo:margin-bottom="0.212cm" style:contextual-spacing="false" fo:line-height="115%" fo:text-align="start" style:justify-single-word="false" fo:orphans="2" fo:widows="2" fo:hyphenation-ladder-count="no-limit" fo:hyphenation-keep="auto" loext:hyphenation-keep-type="column" fo:keep-with-next="always" style:writing-mode="lr-tb"/><style:text-properties style:font-name="PT Astra Serif" fo:font-family="&apos;PT Astra Serif&apos;" style:font-family-generic="roman" style:font-pitch="variable" fo:font-size="14pt" style:font-name-asian="Tahoma1" style:font-family-asian="Tahoma" style:font-family-generic-asian="system" style:font-pitch-asian="variable" style:font-size-asian="14pt" style:font-name-complex="Noto Sans Devanagari" style:font-family-complex="&apos;Noto Sans Devanagari&apos;" style:font-family-generic-complex="system" style:font-pitch-complex="variable" style:font-size-complex="14pt" fo:hyphenate="false" fo:hyphenation-remain-char-count="2" fo:hyphenation-push-char-count="2" loext:hyphenation-no-caps="false" loext:hyphenation-no-last-word="false" loext:hyphenation-word-char-count="5" loext:hyphenation-zone="no-limit"/></style:style><style:style style:name="Название_20_объекта1" style:display-name="Название объекта1" style:family="paragraph"><style:paragraph-properties fo:margin-top="0.212cm" fo:margin-bottom="0.212cm" style:contextual-spacing="false" fo:line-height="115%" fo:text-align="start" style:justify-single-word="false" fo:orphans="2" fo:widows="2" fo:hyphenation-ladder-count="no-limit" fo:hyphenation-keep="auto" loext:hyphenation-keep-type="column" text:number-lines="false" text:line-number="0" style:writing-mode="lr-tb"/><style:text-properties style:font-name="PT Astra Serif" fo:font-family="&apos;PT Astra Serif&apos;" style:font-family-generic="roman" style:font-pitch="variable" fo:font-size="12pt" fo:font-style="italic" style:font-size-asian="12pt" style:font-style-asian="italic" style:font-name-complex="Noto Sans Devanagari" style:font-family-complex="&apos;Noto Sans Devanagari&apos;" style:font-family-generic-complex="system" style:font-pitch-complex="variable" style:font-size-complex="12pt" style:font-style-complex="italic" fo:hyphenate="false" fo:hyphenation-remain-char-count="2" fo:hyphenation-push-char-count="2" loext:hyphenation-no-caps="false" loext:hyphenation-no-last-word="false" loext:hyphenation-word-char-count="5" loext:hyphenation-zone="no-limit"/></style:style><style:style style:name="Index_20_Heading" style:display-name="Index Heading" style:family="paragraph" style:class="index"><style:paragraph-properties fo:margin-top="0cm" fo:margin-bottom="0.353cm" style:contextual-spacing="false" fo:line-height="115%" fo:text-align="start" style:justify-single-word="false" fo:orphans="2" fo:widows="2" fo:hyphenation-ladder-count="no-limit" fo:hyphenation-keep="auto" loext:hyphenation-keep-type="column" text:number-lines="false" text:line-number="0" style:writing-mode="lr-tb"/><style:text-properties style:font-name="PT Astra Serif" fo:font-family="&apos;PT Astra Serif&apos;" style:font-family-generic="roman" style:font-pitch="variable" style:font-name-complex="Noto Sans Devanagari" style:font-family-complex="&apos;Noto Sans Devanagari&apos;" style:font-family-generic-complex="system" style:font-pitch-complex="variable" fo:hyphenate="false" fo:hyphenation-remain-char-count="2" fo:hyphenation-push-char-count="2" loext:hyphenation-no-caps="false" loext:hyphenation-no-last-word="false" loext:hyphenation-word-char-count="5" loext:hyphenation-zone="no-limit"/></style:style><style:style style:name="List_20_Paragraph" style:display-name="List Paragraph" style:family="paragraph"><style:paragraph-properties fo:margin-left="1.27cm" fo:margin-top="0cm" fo:margin-bottom="0.353cm" style:contextual-spacing="true" fo:line-height="115%" fo:text-align="start" style:justify-single-word="false" fo:orphans="2" fo:widows="2" fo:hyphenation-ladder-count="no-limit" fo:hyphenation-keep="auto" loext:hyphenation-keep-type="column" style:writing-mode="lr-tb"/><style:text-properties fo:hyphenate="false" fo:hyphenation-remain-char-count="2" fo:hyphenation-push-char-count="2" loext:hyphenation-no-caps="false" loext:hyphenation-no-last-word="false" loext:hyphenation-word-char-count="5" loext:hyphenation-zone="no-limit"/></style:style><style:style style:name="ConsPlusNormal" style:family="paragraph"><style:paragraph-properties fo:margin-top="0cm" fo:margin-bottom="0.353cm" style:contextual-spacing="false" fo:line-height="115%" fo:text-align="start" style:justify-single-word="false" fo:orphans="2" fo:widows="2" fo:hyphenation-ladder-count="no-limit" fo:hyphenation-keep="auto" loext:hyphenation-keep-type="column" style:writing-mode="lr-tb"/><style:text-properties style:font-name="Times New Roman" fo:font-family="&apos;Times New Roman&apos;" style:font-family-generic="roman" style:font-pitch="variable" fo:font-size="14pt" style:font-size-asian="14pt" style:language-asian="en" style:country-asian="US" style:font-size-complex="14pt" fo:hyphenate="false" fo:hyphenation-remain-char-count="2" fo:hyphenation-push-char-count="2" loext:hyphenation-no-caps="false" loext:hyphenation-no-last-word="false" loext:hyphenation-word-char-count="5" loext:hyphenation-zone="no-limit"/></style:style><style:style style:name="s_5f_1" style:display-name="s_1" style:family="paragraph"><style:paragraph-properties fo:margin-top="0.494cm" fo:margin-bottom="0.494cm" style:contextual-spacing="false" fo:line-height="115%" fo:text-align="start" style:justify-single-word="false" fo:orphans="2" fo:widows="2" fo:hyphenation-ladder-count="no-limit" fo:hyphenation-keep="auto" loext:hyphenation-keep-type="column" style:writing-mode="lr-tb"/><style:text-properties style:font-name="Times New Roman" fo:font-family="&apos;Times New Roman&apos;" style:font-family-generic="roman" style:font-pitch="variable" fo:font-size="12pt" style:font-name-asian="Times New Roman1" style:font-family-asian="&apos;Times New Roman&apos;" style:font-family-generic-asian="system" style:font-pitch-asian="variable" style:font-size-asian="12pt" style:font-size-complex="12pt" fo:hyphenate="false" fo:hyphenation-remain-char-count="2" fo:hyphenation-push-char-count="2" loext:hyphenation-no-caps="false" loext:hyphenation-no-last-word="false" loext:hyphenation-word-char-count="5" loext:hyphenation-zone="no-limit"/></style:style><style:style style:name="Normal_20__28_Web_29_" style:display-name="Normal (Web)" style:family="paragraph"><style:paragraph-properties fo:margin-top="0.494cm" fo:margin-bottom="0.494cm" style:contextual-spacing="false" fo:line-height="115%" fo:text-align="start" style:justify-single-word="false" fo:orphans="2" fo:widows="2" fo:hyphenation-ladder-count="no-limit" fo:hyphenation-keep="auto" loext:hyphenation-keep-type="column" style:writing-mode="lr-tb"/><style:text-properties style:font-name="Times New Roman" fo:font-family="&apos;Times New Roman&apos;" style:font-family-generic="roman" style:font-pitch="variable" fo:font-size="12pt" style:font-name-asian="Times New Roman1" style:font-family-asian="&apos;Times New Roman&apos;" style:font-family-generic-asian="system" style:font-pitch-asian="variable" style:font-size-asian="12pt" style:font-size-complex="12pt" fo:hyphenate="false" fo:hyphenation-remain-char-count="2" fo:hyphenation-push-char-count="2" loext:hyphenation-no-caps="false" loext:hyphenation-no-last-word="false" loext:hyphenation-word-char-count="5" loext:hyphenation-zone="no-limit"/></style:style><style:style style:name="_2e_FORMATTEXT" style:display-name=".FORMATTEXT" style:family="paragraph"><style:paragraph-properties fo:margin-top="0cm" fo:margin-bottom="0.353cm" style:contextual-spacing="false" fo:line-height="115%" fo:text-align="start" style:justify-single-word="false" fo:orphans="0" fo:widows="0" fo:hyphenation-ladder-count="no-limit" fo:hyphenation-keep="auto" loext:hyphenation-keep-type="column" style:writing-mode="lr-tb"/><style:text-properties style:font-name="Arial" fo:font-family="Arial" style:font-family-generic="swiss" style:font-pitch="variable" style:font-name-asian="Times New Roman1" style:font-family-asian="&apos;Times New Roman&apos;" style:font-family-generic-asian="system" style:font-pitch-asian="variable" style:font-name-complex="Arial1" style:font-family-complex="Arial" style:font-family-generic-complex="system" style:font-pitch-complex="variable" style:font-size-complex="10pt" fo:hyphenate="false" fo:hyphenation-remain-char-count="2" fo:hyphenation-push-char-count="2" loext:hyphenation-no-caps="false" loext:hyphenation-no-last-word="false" loext:hyphenation-word-char-count="5" loext:hyphenation-zone="no-limit"/></style:style><style:style style:name="Верхний_20_и_20_нижний_20_колонтитулы" style:display-name="Верхний и нижний колонтитулы" style:family="paragraph"><style:paragraph-properties fo:margin-top="0cm" fo:margin-bottom="0.353cm" style:contextual-spacing="false" fo:line-height="115%" fo:text-align="start" style:justify-single-word="false" fo:orphans="2" fo:widows="2" fo:hyphenation-ladder-count="no-limit" fo:hyphenation-keep="auto" loext:hyphenation-keep-type="column" style:writing-mode="lr-tb"/><style:text-properties fo:hyphenate="false" fo:hyphenation-remain-char-count="2" fo:hyphenation-push-char-count="2" loext:hyphenation-no-caps="false" loext:hyphenation-no-last-word="false" loext:hyphenation-word-char-count="5" loext:hyphenation-zone="no-limit"/></style:style><style:style style:name="Верхний_20_колонтитул1" style:display-name="Верхний колонтитул1" style:family="paragraph"><style:paragraph-properties fo:margin-top="0cm" fo:margin-bottom="0.353cm" style:contextual-spacing="false" fo:line-height="115%" fo:text-align="start" style:justify-single-word="false" fo:orphans="2" fo:widows="2" fo:hyphenation-ladder-count="no-limit" fo:hyphenation-keep="auto" loext:hyphenation-keep-type="column" style:writing-mode="lr-tb"><style:tab-stops><style:tab-stop style:position="8.25cm" style:type="center"/><style:tab-stop style:position="16.501cm" style:type="right"/></style:tab-stops></style:paragraph-properties><style:text-properties fo:hyphenate="false" fo:hyphenation-remain-char-count="2" fo:hyphenation-push-char-count="2" loext:hyphenation-no-caps="false" loext:hyphenation-no-last-word="false" loext:hyphenation-word-char-count="5" loext:hyphenation-zone="no-limit"/></style:style><style:style style:name="Нижний_20_колонтитул1" style:display-name="Нижний колонтитул1" style:family="paragraph"><style:paragraph-properties fo:margin-top="0cm" fo:margin-bottom="0.353cm" style:contextual-spacing="false" fo:line-height="115%" fo:text-align="start" style:justify-single-word="false" fo:orphans="2" fo:widows="2" fo:hyphenation-ladder-count="no-limit" fo:hyphenation-keep="auto" loext:hyphenation-keep-type="column" style:writing-mode="lr-tb"><style:tab-stops><style:tab-stop style:position="8.25cm" style:type="center"/><style:tab-stop style:position="16.501cm" style:type="right"/></style:tab-stops></style:paragraph-properties><style:text-properties fo:hyphenate="false" fo:hyphenation-remain-char-count="2" fo:hyphenation-push-char-count="2" loext:hyphenation-no-caps="false" loext:hyphenation-no-last-word="false" loext:hyphenation-word-char-count="5" loext:hyphenation-zone="no-limit"/></style:style><style:style style:name="Balloon_20_Text" style:display-name="Balloon Text" style:family="paragraph"><style:paragraph-properties fo:margin-top="0cm" fo:margin-bottom="0.353cm" style:contextual-spacing="false" fo:line-height="115%" fo:text-align="start" style:justify-single-word="false" fo:orphans="2" fo:widows="2" fo:hyphenation-ladder-count="no-limit" fo:hyphenation-keep="auto" loext:hyphenation-keep-type="column" style:writing-mode="lr-tb"/><style:text-properties style:font-name="Tahoma" fo:font-family="Tahoma" style:font-family-generic="swiss" style:font-pitch="variable" fo:font-size="8pt" style:font-size-asian="8pt" style:font-name-complex="Tahoma1" style:font-family-complex="Tahoma" style:font-family-generic-complex="system" style:font-pitch-complex="variable" style:font-size-complex="8pt" fo:hyphenate="false" fo:hyphenation-remain-char-count="2" fo:hyphenation-push-char-count="2" loext:hyphenation-no-caps="false" loext:hyphenation-no-last-word="false" loext:hyphenation-word-char-count="5" loext:hyphenation-zone="no-limit"/></style:style><style:style style:name="No_20_Spacing" style:display-name="No Spacing" style:family="paragraph"><style:paragraph-properties fo:margin-top="0cm" fo:margin-bottom="0.353cm" style:contextual-spacing="false" fo:line-height="115%" fo:text-align="start" style:justify-single-word="false" fo:orphans="2" fo:widows="2" fo:hyphenation-ladder-count="no-limit" fo:hyphenation-keep="auto" loext:hyphenation-keep-type="column" style:writing-mode="lr-tb"/><style:text-properties style:language-asian="en" style:country-asian="US" fo:hyphenate="false" fo:hyphenation-remain-char-count="2" fo:hyphenation-push-char-count="2" loext:hyphenation-no-caps="false" loext:hyphenation-no-last-word="false" loext:hyphenation-word-char-count="5" loext:hyphenation-zone="no-limit"/></style:style><style:style style:name="Красная_20_строка1" style:display-name="Красная строка1" style:family="paragraph"><style:paragraph-properties fo:margin-top="0cm" fo:margin-bottom="0.353cm" style:contextual-spacing="false" fo:line-height="115%" fo:text-align="justify" style:justify-single-word="false" fo:orphans="0" fo:widows="0" fo:hyphenation-ladder-count="no-limit" fo:hyphenation-keep="auto" loext:hyphenation-keep-type="column" fo:text-indent="1.251cm" style:auto-text-indent="false" style:writing-mode="lr-tb"/><style:text-properties style:font-name="PT Astra Serif" fo:font-family="&apos;PT Astra Serif&apos;" style:font-family-generic="roman" style:font-pitch="variable" fo:font-size="14pt" style:letter-kerning="true" style:font-name-asian="Source Han Sans CN Regular" style:font-family-asian="&apos;Source Han Sans CN Regular&apos;" style:font-family-generic-asian="system" style:font-pitch-asian="variable" style:font-size-asian="14pt" style:font-size-complex="12pt" fo:hyphenate="false" fo:hyphenation-remain-char-count="2" fo:hyphenation-push-char-count="2" loext:hyphenation-no-caps="false" loext:hyphenation-no-last-word="false" loext:hyphenation-word-char-count="5" loext:hyphenation-zone="no-limit"/></style:style><style:style style:name="Содержимое_20_врезки" style:display-name="Содержимое врезки" style:family="paragraph"><style:paragraph-properties fo:margin-top="0cm" fo:margin-bottom="0.353cm" style:contextual-spacing="false" fo:line-height="115%" fo:text-align="start" style:justify-single-word="false" fo:orphans="2" fo:widows="2" fo:hyphenation-ladder-count="no-limit" fo:hyphenation-keep="auto" loext:hyphenation-keep-type="column" style:writing-mode="lr-tb"/><style:text-properties fo:hyphenate="false" fo:hyphenation-remain-char-count="2" fo:hyphenation-push-char-count="2" loext:hyphenation-no-caps="false" loext:hyphenation-no-last-word="false" loext:hyphenation-word-char-count="5" loext:hyphenation-zone="no-limit"/></style:style><style:style style:name="ConsPlusTitle" style:family="paragraph"><style:paragraph-properties fo:margin-top="0cm" fo:margin-bottom="0.353cm" style:contextual-spacing="false" fo:line-height="115%" fo:text-align="start" style:justify-single-word="false" fo:orphans="0" fo:widows="0" fo:hyphenation-ladder-count="no-limit" fo:hyphenation-keep="auto" loext:hyphenation-keep-type="column" style:writing-mode="lr-tb"/><style:text-properties style:font-name="Arial" fo:font-family="Arial" style:font-family-generic="swiss" style:font-pitch="variable" fo:font-size="12pt" fo:font-weight="bold" style:font-name-asian="Arial1" style:font-family-asian="Arial" style:font-family-generic-asian="system" style:font-pitch-asian="variable" style:font-size-asian="12pt" style:font-weight-asian="bold" style:font-name-complex="Courier New" style:font-family-complex="&apos;Courier New&apos;" style:font-family-generic-complex="system" style:font-pitch-complex="variable" style:font-size-complex="12pt" fo:hyphenate="false" fo:hyphenation-remain-char-count="2" fo:hyphenation-push-char-count="2" loext:hyphenation-no-caps="false" loext:hyphenation-no-last-word="false" loext:hyphenation-word-char-count="5" loext:hyphenation-zone="no-limit"/></style:style><style:style style:name="Standard_20__28_WW_29_" style:display-name="Standard (WW)" style:family="paragraph"><style:paragraph-properties fo:margin-top="0cm" fo:margin-bottom="0.353cm" style:contextual-spacing="false" fo:line-height="115%" fo:text-align="start" style:justify-single-word="false" fo:orphans="2" fo:widows="2" fo:hyphenation-ladder-count="no-limit" fo:hyphenation-keep="auto" loext:hyphenation-keep-type="column" style:vertical-align="baseline" style:writing-mode="lr-tb"/><style:text-properties style:font-name="Liberation Serif" fo:font-family="&apos;Liberation Serif&apos;" style:font-family-generic="roman" style:font-pitch="variable" fo:font-size="12pt" style:letter-kerning="true" style:font-name-asian="NSimSun" style:font-family-asian="NSimSun" style:font-family-generic-asian="system" style:font-pitch-asian="variable" style:font-size-asian="12pt" style:font-name-complex="Arial1" style:font-family-complex="Arial" style:font-family-generic-complex="system" style:font-pitch-complex="variable" style:font-size-complex="12pt" fo:hyphenate="false" fo:hyphenation-remain-char-count="2" fo:hyphenation-push-char-count="2" loext:hyphenation-no-caps="false" loext:hyphenation-no-last-word="false" loext:hyphenation-word-char-count="5" loext:hyphenation-zone="no-limit"/></style:style><style:style style:name="Frame_20_contents" style:display-name="Frame contents" style:family="paragraph" style:class="extra"><style:paragraph-properties fo:margin-top="0cm" fo:margin-bottom="0.353cm" style:contextual-spacing="false" fo:line-height="115%" fo:text-align="start" style:justify-single-word="false" fo:orphans="2" fo:widows="2" fo:hyphenation-ladder-count="no-limit" fo:hyphenation-keep="auto" loext:hyphenation-keep-type="column" style:writing-mode="lr-tb"/><style:text-properties fo:hyphenate="false" fo:hyphenation-remain-char-count="2" fo:hyphenation-push-char-count="2" loext:hyphenation-no-caps="false" loext:hyphenation-no-last-word="false" loext:hyphenation-word-char-count="5" loext:hyphenation-zone="no-limit"/></style:style><style:style style:name="Subtitle" style:family="paragraph" style:parent-style-name="normal1" style:next-style-name="normal1" style:class="chapter"><style:paragraph-properties fo:margin-top="0.635cm" fo:margin-bottom="0.141cm" style:contextual-spacing="false" fo:line-height="100%" fo:keep-together="always" fo:keep-with-next="always"/><style:text-properties fo:color="#666666" loext:opacity="100%" style:font-name="Georgia" fo:font-family="Georgia" style:font-family-generic="roman" style:font-pitch="variable" fo:font-size="24pt" fo:font-style="italic" style:font-name-asian="Georgia1" style:font-family-asian="Georgia" style:font-family-generic-asian="system" style:font-pitch-asian="variable" style:font-size-asian="24pt" style:font-style-asian="italic" style:font-name-complex="Georgia1" style:font-family-complex="Georgia" style:font-family-generic-complex="system" style:font-pitch-complex="variable" style:font-size-complex="24pt" style:font-style-complex="italic"/></style:style><style:style style:name="Frame_20_Contents" style:display-name="Frame Contents" style:family="paragraph" style:parent-style-name="Standard"/><style:style style:name="Default_20_Paragraph_20_Font" style:display-name="Default Paragraph Font" style:family="text"/><style:style style:name="Заголовок_20_1_20_Знак" style:display-name="Заголовок 1 Знак" style:family="text" style:parent-style-name="Default_20_Paragraph_20_Font"><style:text-properties style:font-name="Cambria" fo:font-family="Cambria" style:font-family-generic="roman" style:font-pitch="variable" fo:font-size="16pt" fo:font-weight="bold" style:letter-kerning="true" style:font-size-asian="16pt" style:language-asian="en" style:country-asian="US" style:font-weight-asian="bold" style:font-name-complex="Times New Roman1" style:font-family-complex="&apos;Times New Roman&apos;" style:font-family-generic-complex="system" style:font-pitch-complex="variable" style:font-size-complex="16pt" style:font-weight-complex="bold"/></style:style><style:style style:name="Интернет-ссылка" style:family="text" style:parent-style-name="Default_20_Paragraph_20_Font"><style:text-properties fo:color="#0000ff" loext:opacity="100%" style:text-underline-style="solid" style:text-underline-width="auto" style:text-underline-color="font-color" style:font-name-complex="Times New Roman1" style:font-family-complex="&apos;Times New Roman&apos;" style:font-family-generic-complex="system" style:font-pitch-complex="variable"/></style:style><style:style style:name="Основной_20_текст_20_Знак" style:display-name="Основной текст Знак" style:family="text" style:parent-style-name="Default_20_Paragraph_20_Font"><style:text-properties style:font-name="Times New Roman" fo:font-family="&apos;Times New Roman&apos;" style:font-family-generic="roman" style:font-pitch="variable" fo:font-size="12pt" fo:font-weight="bold" style:font-size-asian="12pt" style:language-asian="ru" style:country-asian="RU" style:font-weight-asian="bold" style:font-name-complex="Times New Roman1" style:font-family-complex="&apos;Times New Roman&apos;" style:font-family-generic-complex="system" style:font-pitch-complex="variable" style:font-size-complex="12pt"/></style:style><style:style style:name="apple-converted-space" style:family="text" style:parent-style-name="Default_20_Paragraph_20_Font"><style:text-properties style:font-name-complex="Times New Roman1" style:font-family-complex="&apos;Times New Roman&apos;" style:font-family-generic-complex="system" style:font-pitch-complex="variable"/></style:style><style:style style:name="Верхний_20_колонтитул_20_Знак" style:display-name="Верхний колонтитул Знак" style:family="text" style:parent-style-name="Default_20_Paragraph_20_Font"><style:text-properties style:font-name-complex="Times New Roman1" style:font-family-complex="&apos;Times New Roman&apos;" style:font-family-generic-complex="system" style:font-pitch-complex="variable"/></style:style><style:style style:name="Нижний_20_колонтитул_20_Знак" style:display-name="Нижний колонтитул Знак" style:family="text" style:parent-style-name="Default_20_Paragraph_20_Font"><style:text-properties style:font-name-complex="Times New Roman1" style:font-family-complex="&apos;Times New Roman&apos;" style:font-family-generic-complex="system" style:font-pitch-complex="variable"/></style:style><style:style style:name="Текст_20_выноски_20_Знак" style:display-name="Текст выноски Знак" style:family="text" style:parent-style-name="Default_20_Paragraph_20_Font"><style:text-properties style:font-name="Tahoma" fo:font-family="Tahoma" style:font-family-generic="swiss" style:font-pitch="variable" fo:font-size="8pt" style:font-size-asian="8pt" style:font-name-complex="Tahoma1" style:font-family-complex="Tahoma" style:font-family-generic-complex="system" style:font-pitch-complex="variable" style:font-size-complex="8pt"/></style:style><style:style style:name="Strong_20_Emphasis" style:display-name="Strong Emphasis" style:family="text" style:parent-style-name="Default_20_Paragraph_20_Font"><style:text-properties fo:font-weight="bold" style:font-weight-asian="bold" style:font-name-complex="Times New Roman1" style:font-family-complex="&apos;Times New Roman&apos;" style:font-family-generic-complex="system" style:font-pitch-complex="variable" style:font-weight-complex="bold"/></style:style><style:style style:name="Emphasis" style:family="text"><style:text-properties fo:font-style="italic" style:font-style-asian="italic" style:font-style-complex="italic"/></style:style><style:style style:name="Internet_20_link" style:display-name="Internet link" style:family="text"><style:text-properties fo:color="#000080" loext:opacity="100%" style:text-underline-style="solid" style:text-underline-width="auto" style:text-underline-color="font-color"/></style:style><style:style style:name="Frame" style:family="graphic"><style:graphic-properties text:anchor-type="paragraph" svg:x="0cm" svg:y="0cm" fo:margin-left="0.201cm" fo:margin-right="0.201cm" fo:margin-top="0.201cm" fo:margin-bottom="0.201cm" style:wrap="parallel" style:number-wrapped-paragraphs="no-limit" style:wrap-contour="false" style:vertical-pos="top" style:vertical-rel="paragraph-content" style:horizontal-pos="center" style:horizontal-rel="paragraph-content" fo:background-color="transparent" draw:fill="none" draw:fill-color="#729fcf" fo:padding="0.15cm" fo:border="0.06pt solid #000000"/></style:style><text:outline-style style:name="Outline"><text:outline-level-style text:level="1" loext:num-list-format="%1%" style:num-format=""><style:list-level-properties text:list-level-position-and-space-mode="label-alignment"><style:list-level-label-alignment text:label-followed-by="listtab"/></style:list-level-properties></text:outline-level-style><text:outline-level-style text:level="2" loext:num-list-format="%2%" style:num-format=""><style:list-level-properties text:list-level-position-and-space-mode="label-alignment"><style:list-level-label-alignment text:label-followed-by="listtab"/></style:list-level-properties></text:outline-level-style><text:outline-level-style text:level="3" loext:num-list-format="%3%" style:num-format=""><style:list-level-properties text:list-level-position-and-space-mode="label-alignment"><style:list-level-label-alignment text:label-followed-by="listtab"/></style:list-level-properties></text:outline-level-style><text:outline-level-style text:level="4" loext:num-list-format="%4%" style:num-format=""><style:list-level-properties text:list-level-position-and-space-mode="label-alignment"><style:list-level-label-alignment text:label-followed-by="listtab"/></style:list-level-properties></text:outline-level-style><text:outline-level-style text:level="5" loext:num-list-format="%5%" style:num-format=""><style:list-level-properties text:list-level-position-and-space-mode="label-alignment"><style:list-level-label-alignment text:label-followed-by="listtab"/></style:list-level-properties></text:outline-level-style><text:outline-level-style text:level="6" loext:num-list-format="%6%" style:num-format=""><style:list-level-properties text:list-level-position-and-space-mode="label-alignment"><style:list-level-label-alignment text:label-followed-by="listtab"/></style:list-level-properties></text:outline-level-style><text:outline-level-style text:level="7" loext:num-list-format="%7%" style:num-format=""><style:list-level-properties text:list-level-position-and-space-mode="label-alignment"><style:list-level-label-alignment text:label-followed-by="listtab"/></style:list-level-properties></text:outline-level-style><text:outline-level-style text:level="8" loext:num-list-format="%8%" style:num-format=""><style:list-level-properties text:list-level-position-and-space-mode="label-alignment"><style:list-level-label-alignment text:label-followed-by="listtab"/></style:list-level-properties></text:outline-level-style><text:outline-level-style text:level="9" loext:num-list-format="%9%" style:num-format=""><style:list-level-properties text:list-level-position-and-space-mode="label-alignment"><style:list-level-label-alignment text:label-followed-by="listtab"/></style:list-level-properties></text:outline-level-style><text:outline-level-style text:level="10" loext:num-list-format="%10%" style:num-format=""><style:list-level-properties text:list-level-position-and-space-mode="label-alignment"><style:list-level-label-alignment text:label-followed-by="listtab"/></style:list-level-properties></text:outline-level-style></text:outline-style><text:list-style style:name="No_20_List" style:display-name="No List"><text:list-level-style-number text:level="1" loext:num-list-format="%1%." style:num-suffix="." style:num-format="1"><style:list-level-properties text:list-level-position-and-space-mode="label-alignment"><style:list-level-label-alignment text:label-followed-by="listtab" text:list-tab-stop-position="1.27cm" fo:text-indent="-0.635cm" fo:margin-left="1.27cm"/></style:list-level-properties></text:list-level-style-number><text:list-level-style-number text:level="2" loext:num-list-format="%2%." style:num-suffix="." style:num-format="1"><style:list-level-properties text:list-level-position-and-space-mode="label-alignment"><style:list-level-label-alignment text:label-followed-by="listtab" text:list-tab-stop-position="1.905cm" fo:text-indent="-0.635cm" fo:margin-left="1.905cm"/></style:list-level-properties></text:list-level-style-number><text:list-level-style-number text:level="3" loext:num-list-format="%3%." style:num-suffix="." style:num-format="1"><style:list-level-properties text:list-level-position-and-space-mode="label-alignment"><style:list-level-label-alignment text:label-followed-by="listtab" text:list-tab-stop-position="2.54cm" fo:text-indent="-0.635cm" fo:margin-left="2.54cm"/></style:list-level-properties></text:list-level-style-number><text:list-level-style-number text:level="4" loext:num-list-format="%4%." style:num-suffix="." style:num-format="1"><style:list-level-properties text:list-level-position-and-space-mode="label-alignment"><style:list-level-label-alignment text:label-followed-by="listtab" text:list-tab-stop-position="3.175cm" fo:text-indent="-0.635cm" fo:margin-left="3.175cm"/></style:list-level-properties></text:list-level-style-number><text:list-level-style-number text:level="5" loext:num-list-format="%5%." style:num-suffix="." style:num-format="1"><style:list-level-properties text:list-level-position-and-space-mode="label-alignment"><style:list-level-label-alignment text:label-followed-by="listtab" text:list-tab-stop-position="3.81cm" fo:text-indent="-0.635cm" fo:margin-left="3.81cm"/></style:list-level-properties></text:list-level-style-number><text:list-level-style-number text:level="6" loext:num-list-format="%6%." style:num-suffix="." style:num-format="1"><style:list-level-properties text:list-level-position-and-space-mode="label-alignment"><style:list-level-label-alignment text:label-followed-by="listtab" text:list-tab-stop-position="4.445cm" fo:text-indent="-0.635cm" fo:margin-left="4.445cm"/></style:list-level-properties></text:list-level-style-number><text:list-level-style-number text:level="7" loext:num-list-format="%7%." style:num-suffix="." style:num-format="1"><style:list-level-properties text:list-level-position-and-space-mode="label-alignment"><style:list-level-label-alignment text:label-followed-by="listtab" text:list-tab-stop-position="5.08cm" fo:text-indent="-0.635cm" fo:margin-left="5.08cm"/></style:list-level-properties></text:list-level-style-number><text:list-level-style-number text:level="8" loext:num-list-format="%8%." style:num-suffix="." style:num-format="1"><style:list-level-properties text:list-level-position-and-space-mode="label-alignment"><style:list-level-label-alignment text:label-followed-by="listtab" text:list-tab-stop-position="5.715cm" fo:text-indent="-0.635cm" fo:margin-left="5.715cm"/></style:list-level-properties></text:list-level-style-number><text:list-level-style-number text:level="9" loext:num-list-format="%9%." style:num-suffix="." style:num-format="1"><style:list-level-properties text:list-level-position-and-space-mode="label-alignment"><style:list-level-label-alignment text:label-followed-by="listtab" text:list-tab-stop-position="6.35cm" fo:text-indent="-0.635cm" fo:margin-left="6.35cm"/></style:list-level-properties></text:list-level-style-number><text:list-level-style-number text:level="10" loext:num-list-format="%10%." style:num-suffix="." style:num-format="1"><style:list-level-properties text:list-level-position-and-space-mode="label-alignment"><style:list-level-label-alignment text:label-followed-by="listtab" text:list-tab-stop-position="6.985cm" fo:text-indent="-0.635cm" fo:margin-left="6.985cm"/></style:list-level-properties></text:list-level-style-number></text:list-style><text:notes-configuration text:note-class="footnote" style:num-format="1" text:start-value="0" text:footnotes-position="page" text:start-numbering-at="document"/><text:notes-configuration text:note-class="endnote" style:num-format="i" text:start-value="0"/><text:linenumbering-configuration text:number-lines="false" text:offset="0.499cm" style:num-format="1" text:number-position="left" text:increment="5"/><style:default-page-layout><style:page-layout-properties style:writing-mode="lr-tb" style:layout-grid-standard-mode="true"/></style:default-page-layout><loext:theme loext:name="Office Theme"><loext:theme-colors loext:name="Office"><loext:color loext:name="dark1" loext:color="#000000"/><loext:color loext:name="light1" loext:color="#ffffff"/><loext:color loext:name="dark2" loext:color="#1f497d"/><loext:color loext:name="light2" loext:color="#eeece1"/><loext:color loext:name="accent1" loext:color="#4f81bd"/><loext:color loext:name="accent2" loext:color="#c0504d"/><loext:color loext:name="accent3" loext:color="#9bbb59"/><loext:color loext:name="accent4" loext:color="#8064a2"/><loext:color loext:name="accent5" loext:color="#4bacc6"/><loext:color loext:name="accent6" loext:color="#f79646"/><loext:color loext:name="hyperlink" loext:color="#0000ff"/><loext:color loext:name="followed-hyperlink" loext:color="#800080"/></loext:theme-colors></loext:theme></office:styles><office:automatic-styles><style:page-layout style:name="Mpm1"><style:page-layout-properties fo:page-width="21.001cm" fo:page-height="29.7cm" style:num-format="1" style:print-orientation="portrait" fo:margin-top="2cm" fo:margin-bottom="2cm" fo:margin-left="3cm" fo:margin-right="1cm" style:writing-mode="lr-tb" style:layout-grid-color="#c0c0c0" style:layout-grid-lines="146" style:layout-grid-base-height="0.176cm" style:layout-grid-ruby-height="0cm" style:layout-grid-mode="none" style:layout-grid-ruby-below="false" style:layout-grid-print="false" style:layout-grid-display="false" style:layout-grid-base-width="0.388cm" style:layout-grid-snap-to="true" style:footnote-max-height="0cm" loext:margin-gutter="0cm"><style:footnote-sep style:width="0.018cm" style:distance-before-sep="0.101cm" style:distance-after-sep="0.101cm" style:line-style="solid" style:adjustment="left" style:rel-width="25%" style:color="#000000"/></style:page-layout-properties><style:header-style/><style:footer-style/></style:page-layout><style:style style:name="Mdp1" style:family="drawing-page"><style:drawing-page-properties draw:background-size="full"/></style:style></office:automatic-styles><office:master-styles><style:master-page style:name="Standard" style:page-layout-name="Mpm1" draw:style-name="Mdp1"/></office:master-styles></office:document-styles>